lakeid,season,iceon,ice_on,iceoff,ice_off,ice_duration,year4
"ME","1852-53","","","1853095","04/05/1853","","1852"
"ME","1853-54","1853361","12/27/1853","","","","1853"
"ME","1855-56","1855352","12/18/1855","1856105","04/14/1856","118","1855"
"ME","1856-57","1856341","12/06/1856","1857126","05/06/1857","151","1856"
"ME","1857-58","1857329","11/25/1857","1858085","03/26/1858","121","1857"
"ME","1858-59","1858342","12/08/1858","1859073","03/14/1859","96","1858"
"ME","1859-60","1859341","12/07/1859","1860086","03/26/1860","110","1859"
"ME","1860-61","1860349","12/14/1860","1861100","04/10/1861","117","1860"
"ME","1861-62","1861336","12/02/1861","1862103","04/13/1862","132","1861"
"ME","1862-63","1862360","12/26/1862","1863099","04/09/1863","104","1862"
"ME","1863-64","1863352","12/18/1863","1864112","04/21/1864","125","1863"
"ME","1864-65","1864343","12/08/1864","1865095","04/05/1865","118","1864"
"ME","1865-66","1865348","12/14/1865","1866108","04/18/1866","125","1865"
"ME","1866-67","1866352","12/18/1866","1867110","04/20/1867","123","1866"
"ME","1867-68","1867346","12/12/1867","1868091","03/31/1868","110","1867"
"ME","1868-69","1868345","12/10/1868","1869106","04/16/1869","127","1868"
"ME","1869-70","1869336","12/02/1869","1870102","04/12/1870","131","1869"
"ME","1870-71","1870358","12/24/1870","1871092","04/02/1871","99","1870"
"ME","1871-72","1871353","12/19/1871","1872114","04/23/1872","126","1871"
"ME","1872-73","1872335","11/30/1872","1873113","04/23/1873","144","1872"
"ME","1873-74","1873333","11/29/1873","1874104","04/14/1874","136","1873"
"ME","1874-75","1874344","12/10/1874","1875105","04/15/1875","126","1874"
"ME","1875-76","1876010","01/10/1876","1876101","04/10/1876","91","1875"
"ME","1876-77","1876343","12/08/1876","1877107","04/17/1877","130","1876"
"ME","1877-78","1878006","01/06/1878","1878068","03/09/1878","62","1877"
"ME","1878-79","1878355","12/21/1878","1879102","04/12/1879","112","1878"
"ME","1879-80","1879351","12/17/1879","1880085","03/25/1880","99","1879"
"ME","1880-81","1880328","11/23/1880","1881123","05/03/1881","161","1880"
"ME","1881-82","1882002","01/02/1882","1882080","03/21/1882","78","1881"
"ME","1882-83","1882344","12/10/1882","1883103","04/13/1883","124","1882"
"ME","1883-84","1883352","12/18/1883","1884106","04/15/1884","119","1883"
"ME","1884-85","1884352","12/17/1884","1885110","04/20/1885","124","1884"
"ME","1885-86","1885346","12/12/1885","1886109","04/19/1886","128","1885"
"ME","1886-87","1886339","12/05/1886","1887105","04/15/1887","131","1886"
"ME","1887-88","1887358","12/24/1887","1888106","04/15/1888","113","1887"
"ME","1888-89","1889002","01/02/1889","1889090","03/31/1889","88","1888"
"ME","1889-90","1890014","01/14/1890","1890089","03/30/1890","75","1889"
"ME","1890-91","1890360","12/26/1890","1891106","04/16/1891","111","1890"
"ME","1891-92","1891361","12/27/1891","1892093","04/02/1892","97","1891"
"ME","1892-93","1892351","12/16/1892","1893097","04/07/1893","112","1892"
"ME","1893-94","1893338","12/04/1893","1894074","03/15/1894","101","1893"
"ME","1894-95","1894362","12/28/1894","1895098","04/08/1895","101","1894"
"ME","1895-96","1896005","01/05/1896","1896096","04/05/1896","91","1895"
"ME","1896-97","1896356","12/21/1896","1897100","04/10/1897","110","1896"
"ME","1897-98","1897351","12/17/1897","1898086","03/27/1898","100","1897"
"ME","1898-99","1898343","12/09/1898","1899108","04/18/1899","130","1898"
"ME","1899-00","1899361","12/27/1899","1900107","04/17/1900","111","1899"
"ME","1900-01","1900359","12/25/1900","1901101","04/11/1901","107","1900"
"ME","1901-02","1901349","12/15/1901","1902089","03/30/1902","105","1901"
"ME","1902-03","1902359","12/25/1902","1903083","03/24/1903","89","1902"
"ME","1903-04","1903347","12/13/1903","1904108","04/17/1904","126","1903"
"ME","1904-05","1904349","12/14/1904","1905091","04/01/1905","108","1904"
"ME","1905-06","1906001","01/01/1906","1906098","04/08/1906","97","1905"
"ME","1906-07","1906354","12/20/1906","1907083","03/24/1907","94","1906"
"ME","1907-08","1908001","01/01/1908","1908084","03/24/1908","83","1907"
"ME","1908-09","1908357","12/22/1908","1909097","04/07/1909","106","1908"
"ME","1909-10","1909352","12/18/1909","1910085","03/26/1910","98","1909"
"ME","1910-11","1910343","12/09/1910","1911079","03/20/1911","101","1910"
"ME","1911-12","1911362","12/28/1911","1912105","04/14/1912","108","1911"
"ME","1912-13","1912359","12/24/1912","1913092","04/02/1913","99","1912"
"ME","1913-14","1914012","01/12/1914","1914100","04/10/1914","88","1913"
"ME","1914-15","1914350","12/16/1914","1915100","04/10/1915","115","1914"
"ME","1915-16","1915362","12/28/1915","1916099","04/08/1916","102","1915"
"ME","1916-17","1916351","12/16/1916","1917101","04/11/1917","116","1916"
"ME","1917-18","1917345","12/11/1917","1918095","04/05/1918","115","1917"
"ME","1918-19","1919003","01/03/1919","1919085","03/26/1919","82","1918"
"ME","1919-20","1919343","12/09/1919","1920088","03/28/1920","110","1919"
"ME","1920-21","1920360","12/25/1920","1921075","03/16/1921","81","1920"
"ME","1921-22","1921359","12/25/1921","1922090","03/31/1922","96","1921"
"ME","1922-23","1922350","12/16/1922","1923110","04/20/1923","125","1922"
"ME","1923-24","1924001","01/01/1924","1924105","04/14/1924","104","1923"
"ME","1924-25","1924354","12/19/1924","1925093","04/03/1925","105","1924"
"ME","1925-26","1925350","12/16/1925","1926109","04/19/1926","124","1925"
"ME","1926-27","1926340","12/06/1926","1927078","03/19/1927","103","1926"
"ME","1927-28","1927351","12/17/1927","1928092","04/01/1928","106","1927"
"ME","1928-29","1928356","12/21/1928","1929086","03/27/1929","96","1928"
"ME","1929-30","1929337","12/03/1929","1930079","03/20/1930","107","1929"
"ME","1930-31","1930350","12/16/1930","1931083","03/24/1931","98","1930"
"ME","1931-32","1932030","01/30/1932","1932095","04/04/1932","65","1931"
"ME","1932-33","1932345","12/10/1932","1933094","04/04/1933","115","1932"
"ME","1933-34","1933359","12/25/1933","1934085","03/26/1934","91","1933"
"ME","1934-35","1934358","12/24/1934","1935087","03/28/1935","94","1934"
"ME","1935-36","1935354","12/20/1935","1936090","03/30/1936","101","1935"
"ME","1936-37","1936342","12/07/1936","1937103","04/13/1937","121","1936"
"ME","1937-38","1937341","12/07/1937","1938081","03/22/1938","105","1937"
"ME","1938-39","1938362","12/28/1938","1939094","04/04/1939","97","1938"
"ME","1939-40","1940002","01/02/1940","1940107","04/16/1940","105","1939"
"ME","1940-41","1941005","01/05/1941","1941101","04/11/1941","96","1940"
"ME","1941-42","1942003","01/03/1942","1942085","03/26/1942","82","1941"
"ME","1942-43","1942341","12/07/1942","1943092","04/02/1943","116","1942"
"ME","1943-44","1943350","12/16/1943","1944099","04/08/1944","114","1943"
"ME","1944-45","1944353","12/18/1944","1945079","03/20/1945","92","1944"
"ME","1945-46","1945347","12/13/1945","1946080","03/21/1946","98","1945"
"ME","1946-47","1946364","12/30/1946","1947100","04/10/1947","101","1946"
"ME","1947-48","1947355","12/21/1947","1948094","04/03/1948","104","1947"
"ME","1948-49","1948359","12/24/1948","1949089","03/30/1949","96","1948"
"ME","1949-50","1949357","12/23/1949","1950101","04/11/1950","109","1949"
"ME","1950-51","1950345","12/11/1950","1951102","04/12/1951","122","1950"
"ME","1951-52","1951350","12/16/1951","1952099","04/08/1952","114","1951"
"ME","1952-53","1952365","12/30/1952","1953080","03/21/1953","81","1952"
"ME","1953-54","1953364","12/30/1953","1954084","03/25/1954","85","1953"
"ME","1954-55","1955002","01/02/1955","1955094","04/04/1955","92","1954"
"ME","1955-56","1955346","12/12/1955","1956095","04/04/1956","114","1955"
"ME","1956-57","1956349","12/14/1956","1957094","04/04/1957","111","1956"
"ME","1957-58","1957364","12/30/1957","1958094","04/04/1958","95","1957"
"ME","1958-59","1958343","12/09/1958","1959104","04/14/1959","126","1958"
"ME","1959-60","1959363","12/29/1959","1960103","04/12/1960","105","1959"
"ME","1960-61","1960354","12/19/1960","1961096","04/06/1961","108","1960"
"ME","1961-62","1961350","12/16/1961","1962102","04/12/1962","117","1961"
"ME","1962-63","1962346","12/12/1962","1963093","04/03/1963","112","1962"
"ME","1963-64","1963354","12/20/1963","1964102","04/11/1964","113","1963"
"ME","1964-65","1964350","12/15/1964","1965104","04/14/1965","120","1964"
"ME","1965-66","1966011","01/11/1966","1966076","03/17/1966","65","1965"
"ME","1966-67","1966360","12/26/1966","1967093","04/03/1967","98","1966"
"ME","1967-68","1967361","12/27/1967","1968087","03/27/1968","91","1967"
"ME","1968-69","1968352","12/17/1968","1969100","04/10/1969","108","1968"
"ME","1969-70","1969350","12/16/1969","1970098","04/08/1970","113","1969"
"ME","1970-71","1970358","12/24/1970","1971103","04/13/1971","110","1970"
"ME","1971-72","1972005","01/05/1972","1972110","04/19/1972","105","1971"
"ME","1972-73","1972342","12/07/1972","1973073","03/14/1973","97","1972"
"ME","1973-74","1973355","12/21/1973","1974095","04/05/1974","105","1973"
"ME","1974-75","1975002","01/02/1975","1975109","04/19/1975","107","1974"
"ME","1975-76","1975361","12/27/1975","1976084","03/24/1976","88","1975"
"ME","1976-77","1976338","12/03/1976","1977087","03/28/1977","115","1976"
"ME","1977-78","1977341","12/07/1977","1978101","04/11/1978","123","1977"
"ME","1978-79","1978344","12/10/1978","1979109","04/19/1979","118","1978"
"ME","1979-80","1979363","12/29/1979","1980097","04/06/1980","99","1979"
"ME","1980-81","1980355","12/20/1980","1981082","03/23/1981","93","1980"
"ME","1981-82","1981362","12/28/1981","1982093","04/03/1982","96","1981"
"ME","1982-83","1983013","01/13/1983","1983067","03/08/1983","54","1982"
"ME","1983-84","1983353","12/19/1983","1984099","04/08/1984","111","1983"
"ME","1984-85","1984360","12/25/1984","1985086","03/27/1985","85","1984"
"ME","1985-86","1985348","12/14/1985","1986090","03/31/1986","107","1985"
"ME","1986-87","1986347","12/13/1986","1987071","03/12/1987","89","1986"
"ME","1987-88","1988002","01/02/1988","1988089","03/29/1988","87","1987"
"ME","1988-89","1988364","12/29/1988","1989095","04/05/1989","97","1988"
"ME","1989-90","1989346","12/12/1989","1990074","03/15/1990","93","1989"
"ME","1990-91","1990360","12/26/1990","1991083","03/24/1991","88","1990"
"ME","1991-92","1991352","12/18/1991","1992086","03/26/1992","99","1991"
"ME","1992-93","1992359","12/24/1992","1993101","04/11/1993","108","1992"
"ME","1993-94","1993361","12/27/1993","1994090","03/31/1994","94","1993"
"ME","1994-95","1995006","01/06/1995","1995080","03/21/1995","74","1994"
"ME","1995-96","1995344","12/10/1995","1996098","04/07/1996","119","1995"
"ME","1996-97","1996355","12/20/1996","1997091","04/01/1997","102","1996"
"ME","1997-98","1998011","01/11/1998","1998058","02/27/1998","47","1997"
"ME","1998-99","1998364","12/30/1998","1999080","03/21/1999","81","1998"
"ME","1999-00","2000014","01/14/2000","2000067","03/07/2000","53","1999"
"ME","2000-01","2000348","12/13/2000","2001097","04/07/2001","115","2000"
"ME","2001-02","2002002","01/02/2002","2002074","03/15/2002","21","2001"
"ME","2002-03","2003004","01/04/2003","2003093","04/03/2003","89","2002"
"ME","2003-04","2004007","01/07/2004","2004087","03/27/2004","80","2003"
"ME","2004-05","2004360","12/25/2004","2005095","04/05/2005","101","2004"
"ME","2005-06","2005353","12/19/2005","2006083","03/24/2006","95","2005"
"ME","2006-07","2007020","01/20/2007","2007086","03/27/2007","66","2006"
"ME","2007-08","2007360","12/26/2007","2008101","04/10/2008","106","2007"
"ME","2008-09","2008351","12/16/2008","2009082","03/23/2009","97","2008"
"ME","2009-10","2009363","12/29/2009","2010085","03/26/2010","87","2009"
"ME","2010-11","2010349","12/15/2010","2011093","04/03/2011","110","2010"
"MO","1851-52","1851347","12/13/1851","1852085","03/25/1852","103","1851"
"MO","1853-54","1853355","12/21/1853","","","-99","1853"
"MO","1855-56","1855352","12/18/1855","1856105","04/14/1856","118","1855"
"MO","1856-57","1856339","12/04/1856","1857124","05/04/1857","151","1856"
"MO","1857-58","1857327","11/23/1857","1858081","03/22/1858","119","1857"
"MO","1858-59","1858345","12/11/1858","1859074","03/15/1859","94","1858"
"MO","1859-60","1859340","12/06/1859","1860086","03/26/1860","111","1859"
"MO","1860-61","1860337","12/02/1860","1861100","04/10/1861","129","1860"
"MO","1861-62","1861335","12/01/1861","1862103","04/13/1862","133","1861"
"MO","1862-63","1862341","12/07/1862","1863095","04/05/1863","119","1862"
"MO","1863-64","1863345","12/11/1863","1864111","04/20/1864","131","1863"
"MO","1864-65","1864344","12/09/1864","1865095","04/05/1865","117","1864"
"MO","1865-66","1865348","12/14/1865","1866108","04/18/1866","125","1865"
"MO","1866-67","1866346","12/12/1866","1867109","04/19/1867","128","1866"
"MO","1867-68","1867348","12/14/1867","1868091","03/31/1868","108","1867"
"MO","1868-69","1868345","12/10/1868","1869105","04/15/1869","126","1868"
"MO","1869-70","1869328","11/24/1869","1870101","04/11/1870","138","1869"
"MO","1870-71","1870356","12/22/1870","1871091","04/01/1871","100","1870"
"MO","1871-72","1871334","11/30/1871","1872111","04/20/1872","142","1871"
"MO","1872-73","1872333","11/28/1872","1873108","04/18/1873","141","1872"
"MO","1873-74","1873333","11/29/1873","1874104","04/14/1874","136","1873"
"MO","1874-75","1874346","12/12/1874","1875104","04/14/1875","123","1874"
"MO","1875-76","1876010","01/10/1876","1876101","04/10/1876","91","1875"
"MO","1876-77","1876340","12/05/1876","1877106","04/16/1877","132","1876"
"MO","1877-78","1878006","01/06/1878","1878068","03/09/1878","62","1877"
"MO","1878-79","1878350","12/16/1878","1879100","04/10/1879","115","1878"
"MO","1879-80","1879350","12/16/1879","1880078","03/18/1880","93","1879"
"MO","1880-81","1880327","11/22/1880","1881121","05/01/1881","160","1880"
"MO","1881-82","1882001","01/01/1882","1882078","03/19/1882","77","1881"
"MO","1882-83","1882341","12/07/1882","1883103","04/13/1883","127","1882"
"MO","1883-84","1883351","12/17/1883","1884106","04/15/1884","120","1883"
"MO","1884-85","1884352","12/17/1884","1885107","04/17/1885","121","1884"
"MO","1885-86","1885341","12/07/1885","1886107","04/17/1886","131","1885"
"MO","1886-87","1886339","12/05/1886","1887105","04/15/1887","131","1886"
"MO","1887-88","1887332","11/28/1887","1888104","04/13/1888","137","1887"
"MO","1888-89","1888364","12/29/1888","1889085","03/26/1889","87","1888"
"MO","1889-90","1890014","01/14/1890","1890088","03/29/1890","74","1889"
"MO","1890-91","1890358","12/24/1890","1891106","04/16/1891","113","1890"
"MO","1891-92","1891361","12/27/1891","1892092","04/01/1892","96","1891"
"MO","1892-93","1892346","12/11/1892","1893097","04/07/1893","117","1892"
"MO","1893-94","1893336","12/02/1893","1894070","03/11/1894","99","1893"
"MO","1894-95","1894359","12/25/1894","1895098","04/08/1895","104","1894"
"MO","1895-96","1895338","12/04/1895","1896092","04/01/1896","119","1895"
"MO","1896-97","1896338","12/03/1896","1897095","04/05/1897","123","1896"
"MO","1897-98","1897349","12/15/1897","1898085","03/26/1898","101","1897"
"MO","1898-99","1898341","12/07/1898","1899105","04/15/1899","129","1898"
"MO","1899-00","1899359","12/25/1899","1900106","04/16/1900","112","1899"
"MO","1900-01","1900348","12/14/1900","1901101","04/11/1901","118","1900"
"MO","1901-02","1901348","12/14/1901","1902086","03/27/1902","103","1901"
"MO","1902-03","1902360","12/26/1902","1903080","03/21/1903","85","1902"
"MO","1903-04","1903331","11/27/1903","1904106","04/15/1904","140","1903"
"MO","1904-05","1904348","12/13/1904","1905093","04/03/1905","111","1904"
"MO","1905-06","1905348","12/14/1905","1906098","04/08/1906","115","1905"
"MO","1906-07","1906342","12/08/1906","1907083","03/24/1907","106","1906"
"MO","1907-08","1907345","12/11/1907","1908086","03/26/1908","106","1907"
"MO","1908-09","1908344","12/09/1908","1909096","04/06/1909","118","1908"
"MO","1909-10","1909352","12/18/1909","1910083","03/24/1910","96","1909"
"MO","1910-11","1910342","12/08/1910","1911080","03/21/1911","103","1910"
"MO","1911-12","1911352","12/18/1911","1912100","04/09/1912","113","1911"
"MO","1912-13","1912354","12/19/1912","1913092","04/02/1913","104","1912"
"MO","1913-14","1913361","12/27/1913","1914079","03/20/1914","83","1913"
"MO","1914-15","1914349","12/15/1914","1915099","04/09/1915","115","1914"
"MO","1915-16","1915349","12/15/1915","1916095","04/04/1916","111","1915"
"MO","1916-17","1916351","12/16/1916","1917101","04/11/1917","116","1916"
"MO","1917-18","1917342","12/08/1917","1918093","04/03/1918","116","1917"
"MO","1918-19","1918361","12/27/1918","1919079","03/20/1919","83","1918"
"MO","1919-20","1919337","12/03/1919","1920088","03/28/1920","116","1919"
"MO","1920-21","1920356","12/21/1920","1921075","03/16/1921","85","1920"
"MO","1921-22","1921353","12/19/1921","1922084","03/25/1922","96","1921"
"MO","1922-23","1922347","12/13/1922","1923109","04/19/1923","127","1922"
"MO","1923-24","1924001","01/01/1924","1924104","04/13/1924","103","1923"
"MO","1924-25","1924349","12/14/1924","1925086","03/27/1925","103","1924"
"MO","1925-26","1925344","12/10/1925","1926105","04/15/1926","126","1925"
"MO","1926-27","1926339","12/05/1926","1927076","03/17/1927","102","1926"
"MO","1927-28","1927343","12/09/1927","1928086","03/26/1928","108","1927"
"MO","1928-29","1928356","12/21/1928","1929086","03/27/1929","96","1928"
"MO","1929-30","1929337","12/03/1929","1930076","03/17/1930","104","1929"
"MO","1930-31","1930350","12/16/1930","1931083","03/24/1931","98","1930"
"MO","1931-32","1932030","01/30/1932","1932090","03/30/1932","60","1931"
"MO","1932-33","1932345","12/10/1932","1933086","03/27/1933","107","1932"
"MO","1933-34","1933347","12/13/1933","1934085","03/26/1934","103","1933"
"MO","1934-35","1934354","12/20/1934","1935087","03/28/1935","98","1934"
"MO","1935-36","1935345","12/11/1935","1936087","03/27/1936","107","1935"
"MO","1936-37","1936339","12/04/1936","1937102","04/12/1937","123","1936"
"MO","1937-38","1937335","12/01/1937","1938081","03/22/1938","111","1937"
"MO","1938-39","1938353","12/19/1938","1939090","03/31/1939","102","1938"
"MO","1939-40","1939365","12/31/1939","1940102","04/11/1940","102","1939"
"MO","1940-41","1940338","12/03/1940","1941099","04/09/1941","127","1940"
"MO","1941-42","1941363","12/29/1941","1942083","03/24/1942","85","1941"
"MO","1942-43","1942341","12/07/1942","1943090","03/31/1943","114","1942"
"MO","1943-44","1943348","12/14/1943","1944084","03/24/1944","101","1943"
"MO","1944-45","1944353","12/18/1944","1945076","03/17/1945","89","1944"
"MO","1945-46","1945346","12/12/1945","1946080","03/21/1946","99","1945"
"MO","1946-47","1946352","12/18/1946","1947095","04/05/1947","108","1946"
"MO","1947-48","1947343","12/09/1947","1948086","03/26/1948","108","1947"
"MO","1948-49","1948359","12/24/1948","1949085","03/26/1949","92","1948"
"MO","1949-50","1949349","12/15/1949","1950097","04/07/1950","113","1949"
"MO","1950-51","1950345","12/11/1950","1951098","04/08/1951","118","1950"
"MO","1951-52","1951350","12/16/1951","1952097","04/06/1952","112","1951"
"MO","1952-53","1952352","12/17/1952","1953079","03/20/1953","93","1952"
"MO","1953-54","1953364","12/30/1953","1954071","03/12/1954","72","1953"
"MO","1954-55","1954365","12/31/1954","1955083","03/24/1955","83","1954"
"MO","1955-56","1955340","12/06/1955","1956084","03/24/1956","109","1955"
"MO","1956-57","1956348","12/13/1956","1957074","03/15/1957","92","1956"
"MO","1957-58","1957346","12/12/1957","1958090","03/31/1958","109","1957"
"MO","1958-59","1958342","12/08/1958","1959102","04/12/1959","125","1958"
"MO","1959-60","1959363","12/29/1959","1960099","04/08/1960","101","1959"
"MO","1960-61","1960354","12/19/1960","1961086","03/27/1961","98","1960"
"MO","1961-62","1961349","12/15/1961","1962097","04/07/1962","113","1961"
"MO","1962-63","1962346","12/12/1962","1963093","04/03/1963","112","1962"
"MO","1963-64","1963352","12/18/1963","1964079","03/19/1964","92","1963"
"MO","1964-65","1964350","12/15/1964","1965098","04/08/1965","114","1964"
"MO","1965-66","1966011","01/11/1966","1966076","03/17/1966","65","1965"
"MO","1966-67","1967005","01/05/1967","1967093","04/03/1967","88","1966"
"MO","1967-68","1967358","12/24/1967","1968080","03/20/1968","87","1967"
"MO","1968-69","1968350","12/15/1968","1969085","03/26/1969","101","1968"
"MO","1969-70","1969350","12/16/1969","1970077","03/18/1970","92","1969"
"MO","1970-71","1970349","12/15/1970","1971077","03/18/1971","93","1970"
"MO","1971-72","1972004","01/04/1972","1972099","04/08/1972","95","1971"
"MO","1972-73","1972342","12/07/1972","1973066","03/07/1973","90","1972"
"MO","1973-74","1973354","12/20/1973","1974083","03/24/1974","94","1973"
"MO","1974-75","1975002","01/02/1975","1975097","04/07/1975","95","1974"
"MO","1975-76","1975355","12/21/1975","1976080","03/20/1976","90","1975"
"MO","1976-77","1976336","12/01/1976","1977073","03/14/1977","103","1976"
"MO","1977-78","1977341","12/07/1977","1978097","04/07/1978","121","1977"
"MO","1978-79","1978343","12/09/1978","1979095","04/05/1979","117","1978"
"MO","1979-80","1979351","12/17/1979","1980090","03/30/1980","104","1979"
"MO","1980-81","1980355","12/20/1980","1981075","03/16/1981","86","1980"
"MO","1981-82","1981354","12/20/1981","1982089","03/30/1982","100","1981"
"MO","1982-83","1983009","01/09/1983","1983065","03/06/1983","56","1982"
"MO","1983-84","1983352","12/18/1983","1984094","04/03/1984","107","1983"
"MO","1984-85","1984359","12/24/1984","1985085","03/26/1985","92","1984"
"MO","1985-86","1985340","12/06/1985","1986088","03/29/1986","113","1985"
"MO","1986-87","1986347","12/13/1986","1987067","03/08/1987","85","1986"
"MO","1987-88","1987359","12/25/1987","1988085","03/25/1988","91","1987"
"MO","1988-89","1988364","12/29/1988","1989091","04/01/1989","93","1988"
"MO","1989-90","1989341","12/07/1989","1990074","03/15/1990","98","1989"
"MO","1990-91","1990357","12/23/1990","1991080","03/21/1991","88","1990"
"MO","1991-92","1991350","12/16/1991","1992076","03/16/1992","91","1991"
"MO","1992-93","1992359","12/24/1992","1993101","04/11/1993","108","1992"
"MO","1993-94","1993360","12/26/1993","1994090","03/31/1994","95","1993"
"MO","1994-95","1995005","01/05/1995","1995090","03/31/1995","85","1994"
"MO","1995-96","1995333","11/29/1995","1996084","03/24/1996","107","1995"
"MO","1996-97","1996355","12/20/1996","1997085","03/26/1997","96","1996"
"MO","1997-98","1998011","01/11/1998","1998058","02/27/1998","47","1997"
"MO","1998-99","1998364","12/30/1998","1999069","03/10/1999","70","1998"
"MO","1999-00","2000014","01/14/2000","2000066","03/06/2000","52","1999"
"MO","2000-01","2000348","12/13/2000","2001090","03/31/2001","108","2000"
"MO","2001-02","2002001","01/01/2002","2002057","02/26/2002","56","2001"
"MO","2002-03","2002343","12/09/2002","2003081","03/22/2003","83","2002"
"MO","2003-04","2003359","12/25/2003","2004080","03/20/2004","75","2003"
"MO","2004-05","2004359","12/24/2004","2005090","03/31/2005","97","2004"
"MO","2005-06","2005342","12/08/2005","2006071","03/12/2006","94","2005"
"MO","2006-07","2007018","01/18/2007","2007085","03/26/2007","67","2006"
"MO","2007-08","2007341","12/07/2007","2008098","04/07/2008","122","2007"
"MO","2008-09","2008351","12/16/2008","2009083","03/24/2009","98","2008"
"MO","2009-10","2009361","12/27/2009","2010084","03/25/2010","88","2009"
"MO","2010-11","2010343","12/09/2010","2011093","04/03/2011","116","2010"
"WI","1877-78","1877363","12/29/1877","1878068","03/09/1878","70","1877"
"WI","1878-79","1878340","12/06/1878","1879088","03/29/1879","113","1878"
"WI","1879-80","1879323","11/19/1879","1880083","03/23/1880","125","1879"
"WI","1880-81","1880321","11/16/1880","1881119","04/29/1881","164","1880"
"WI","1881-82","1881324","11/20/1881","1882061","03/02/1882","102","1881"
"WI","1882-83","1882336","12/02/1882","1883100","04/10/1883","129","1882"
"WI","1883-84","1883319","11/15/1883","1884104","04/13/1884","150","1883"
"WI","1884-85","1884329","11/24/1884","1885103","04/13/1885","140","1884"
"WI","1885-86","1885339","12/05/1885","1886105","04/15/1886","131","1885"
"WI","1886-87","1886328","11/24/1886","","","-99","1886"
"WI","1887-88","1887324","11/20/1887","1888104","04/13/1888","145","1887"
"WI","1888-89","1888347","12/12/1888","1889083","03/24/1889","102","1888"
"WI","1889-90","","","1890083","03/24/1890","-99","1889"
"WI","1890-91","1890338","12/04/1890","","","-99","1890"
"WI","1891-92","","","1892093","04/02/1892","-99","1891"
"WI","1892-93","1892323","11/18/1892","1893095","04/05/1893","138","1892"
"WI","1893-94","1893321","11/17/1893","1894069","03/10/1894","113","1893"
"WI","1894-95","1894319","11/15/1894","","","-99","1894"
"WI","1895-96","","","1896090","03/30/1896","-99","1895"
"WI","1913-14","1913306","11/02/1913","","","-99","1913"
"WI","1914-15","1914333","11/29/1914","","","-99","1914"
"WI","1915-16","","","1916080","03/20/1916","-99","1915"
"WI","1916-17","1916332","11/27/1916","","","-99","1916"
"WI","1926-27","1926324","11/20/1926","","","-99","1926"
"WI","1927-28","","","1928084","03/24/1928","-99","1927"
"WI","1928-29","1928334","11/29/1928","1929084","03/25/1929","116","1928"
"WI","1929-30","1929321","11/17/1929","","","-99","1929"
"WI","1934-35","","","1935084","03/25/1935","-99","1934"
"WI","1935-36","","","1936084","03/24/1936","-99","1935"
"WI","1936-37","","","1937100","04/10/1937","-99","1936"
"WI","1937-38","","","1938080","03/21/1938","-99","1937"
"WI","1938-39","1938329","11/25/1938","1939084","03/25/1939","120","1938"
"WI","1939-40","","","1940100","04/09/1940","-99","1939"
"WI","1940-41","1940318","11/13/1940","","","-99","1940"
"WI","1943-44","","","1944084","03/24/1944","-99","1943"
"WI","1944-45","1944337","12/02/1944","1945076","03/17/1945","105","1944"
"WI","1945-46","1945328","11/24/1945","1946079","03/20/1946","116","1945"
"WI","1947-48","","","1948086","03/26/1948","-99","1947"
"WI","1948-49","1948342","12/07/1948","1949086","03/27/1949","110","1948"
"WI","1949-50","1949329","11/25/1949","1950097","04/07/1950","133","1949"
"WI","1950-51","1950327","11/23/1950","1951099","04/09/1951","137","1950"
"WI","1952-53","1952333","11/28/1952","","","-99","1952"
"WI","1958-59","1958331","11/27/1958","","","-99","1958"
"WI","1959-60","1959319","11/15/1959","","","-99","1959"
"WI","1962-63","1962343","12/09/1962","1963088","03/29/1963","110","1962"
"WI","1968-69","1968342","12/07/1968","1969099","04/09/1969","123","1968"
"WI","1969-70","1969340","12/06/1969","1970093","04/03/1970","118","1969"
"WI","1970-71","1970343","12/09/1970","1971100","04/10/1971","122","1970"
"WI","1971-72","1971336","12/02/1971","1972107","04/16/1972","136","1971"
"WI","1972-73","1972335","11/30/1972","1973073","03/14/1973","104","1972"
"WI","1973-74","","","1974089","03/30/1974","-99","1973"
"WI","1974-75","1974343","12/09/1974","1975109","04/19/1975","131","1974"
"WI","1975-76","1975335","12/01/1975","1976081","03/21/1976","108","1975"
"WI","1976-77","","","1977074","03/15/1977","-99","1976"
"WI","1977-78","1977330","11/26/1977","1978096","04/06/1978","131","1977"
"WI","1978-79","1978330","11/26/1978","1979107","04/17/1979","142","1978"
"WI","1979-80","1979335","12/01/1979","1980093","04/02/1980","123","1979"
"WI","1980-81","1980337","12/02/1980","1981073","03/14/1981","102","1980"
"WI","1981-82","1981333","11/29/1981","","","-99","1981"
"WI","1982-83","1982343","12/09/1982","1983065","03/06/1983","87","1982"
"WI","1983-84","1983343","12/09/1983","1984093","04/02/1984","115","1983"
"WI","1984-85","1984323","11/18/1984","1985079","03/20/1985","110","1984"
"WI","1985-86","1985329","11/25/1985","1986088","03/29/1986","124","1985"
"WI","1986-87","1986317","11/13/1986","1987067","03/08/1987","115","1986"
"WI","1987-88","1987339","12/05/1987","1988084","03/24/1988","102","1987"
"WI","1988-89","1988343","12/08/1988","1989088","03/29/1989","111","1988"
"WI","1989-90","1989326","11/22/1989","1990073","03/14/1990","112","1989"
"WI","1990-91","1990338","12/04/1990","1991082","03/23/1991","109","1990"
"WI","1991-92","1991309","11/05/1991","1992068","03/08/1992","124","1991"
"WI","1992-93","1992320","11/15/1992","1993099","04/09/1993","135","1992"
"WI","1993-94","1993332","11/28/1993","1994085","03/26/1994","103","1993"
"WI","1994-95","1994342","12/08/1994","1995076","03/17/1995","99","1994"
"WI","1995-96","1995316","11/12/1995","1996085","03/25/1996","134","1995"
"WI","1996-97","1996332","11/27/1996","1997085","03/26/1997","119","1996"
"WI","1997-98","1997342","12/08/1997","1998057","02/26/1998","80","1997"
"WI","1998-99","1998356","12/22/1998","1999070","03/11/1999","79","1998"
"WI","1999-00","1999352","12/18/1999","2000064","03/04/2000","77","1999"
"WI","2000-01","2000326","11/21/2000","2001095","04/05/2001","135","2000"
"WI","2001-02","2001358","12/24/2001","2002073","03/14/2002","80","2001"
"WI","2002-03","2002336","12/02/2002","2003083","03/24/2003","112","2002"
"WI","2003-04","2003343","12/09/2003","2004076","03/16/2004","98","2003"
"WI","2004-05","2004349","12/14/2004","2005093","04/03/2005","110","2004"
"WI","2005-06","2005329","11/25/2005","2006073","03/14/2006","104","2005"
"WI","2006-07","2006337","12/03/2006","2007084","03/25/2007","106","2006"
"WI","2007-08","2007334","11/30/2007","2008097","04/06/2008","128","2007"
"WI","2008-09","2008327","11/22/2008","2009077","03/18/2009","116","2008"
"WI","2009-10","2009344","12/10/2009","2010085","03/26/2010","106","2009"
"WI","2010-11","2010338","12/04/2010","2011091","04/01/2011","119","2010"
